{"port": 8000, "window_title": "Dollars_DEEP_Lite", "button_x_ratio": 0.09226932668329177, "button_y_ratio": 0.09375}