{"port": 8000, "window_title": "Dollars_DEEP_Lite", "button_x_ratio": 0.09715994020926756, "button_y_ratio": 0.11055276381909548}